<?xml version="1.0"?>
<skin version="1.0" name="media_skin2" author="WeNMedia">

	<settings>
		<setting name="backcolor" value="0x000000" />
		<setting name="frontcolor" value="0xeeeeee" />
		<setting name="lightcolor" value="0xeeeeee" />
		<setting name="screencolor" value="0x000000" />
	</settings>

	<components>
		<component name="controlbar">
			<settings>
				<setting name="margin" value="15" />
				<setting name="fontsize" value="11" />
				<setting name="fontweight" value="normal" />
				<setting name="fontcolor" value="0xFFFFFF" />
				<setting name="buttoncolor" value="0xFFFFFF" />
			</settings>

			<layout>
				<group position="left">
					<button name="play" />
					<button name="mute" />
					<text name="elapsed" />
				</group>
				<group position="center">
					<slider name="time" />
				</group>
				<group position="right">
					<text name="duration" />
					<button name="fullscreen" />
					<button name="blank" />
				</group>
			</layout>

			<elements>
				<element name="background" src="background.png" />
				<element name="capLeft" src="cap_left.png" />
				<element name="capRight" src="cap_right2.png" />
				<element name="divider" src="divider.png" />
				<element name="fullscreenButton" src="fullscreen_default.png" />
				<element name="fullscreenButtonOver" src="fullscreen_over.png" />
				<element name="muteButton" src="mute_default.png" />
				<element name="muteButtonOver" src="mute_over.png" />
				<element name="pauseButton" src="pause_default.png" />
				<element name="pauseButtonOver" src="pause_over.png" />
				<element name="playButton" src="play_default.png" />
				<element name="playButtonOver" src="play_over.png" />
				<element name="timeSliderRail" src="timeSliderRail.png" />
				<element name="timeSliderBuffer" src="timeSliderbuffer.png" />
				<element name="timeSliderProgress" src="timeSliderProgress.png" />
				<!--
				<element name='timeSliderThumb' src='progress_control_default.png' />
				-->
				<element name="normalscreenButton" src="normalscreen_default.png" />
				<element name="normalscreenButtonOver" src="normalscreen_over.png" />
				<element name="unmuteButton" src="unmute_default.png" />
				<element name="unmuteButtonOver" src="unmute_over.png" />
				<element name="volumeSliderRail" src="volumeSliderRail.png" />
				<element name="volumeSliderBuffer" src="volumeSliderBuffer.png" />
				<element name="volumeSliderProgress" src="volumeSliderProgress.png" />
				<!-- 
				<element name="background" src="background.png" />
				<element name="capLeft" src="cap_left.png" />
				<element name="capRight" src="cap_right2.png" />
				<element name="divider" src="divider.png" />
				<element name="fullscreenButton" src="fullscreen_default.png" />
				<element name="fullscreenButtonOver" src="fullscreen_over.png" />
				<element name="muteButton" src="mute_default.png" />
				<element name="muteButtonOver" src="mute_over.png" />
				<element name="pauseButton" src="pause_default.png" />
				<element name="pauseButtonOver" src="pause_over.png" />
				<element name="playButton" src="play_default.png" />
				<element name="playButtonOver" src="play_over.png" />
				<element name="timeSliderBuffer" src="timeSliderbuffer.png" />
				<element name="timeSliderProgress" src="timeSliderProgress.png" />
				<element name="timeSliderRail" src="timeSliderRail.png" />
				<element name="normalscreenButton" src="normalscreen_default.png" />
				<element name="normalscreenButtonOver" src="normalscreen_over.png" />
				<element name="unmuteButton" src="unmute_default.png" />
				<element name="unmuteButtonOver" src="unmute_over.png" />
				<element name="volumeSliderRail" src="volumeSliderRail.png" />
				<element name="volumeSliderBuffer" src="volumeSliderBuffer.png" />
				<element name="volumeSliderProgress" src="volumeSliderProgress.png" />
				-->
			</elements>
		</component>
		
		<component name="display">
			<settings>
				<setting name="bufferinterval" value="250" />
				<setting name="bufferrotation" value="90" />
			</settings>
			<elements>
				<element name="background" src="background.png" />
				<element name="playIcon" src="bigbtn_play.png" />
				<element name="playIconOver" src="bigbtn_play_over.png" />
				<element name="bufferIcon" src="bufferIcon.png" />
			</elements>
		</component>
		
	
		

		
	</components>

</skin>